{
  "split_sizes": {
    "train": 60,
    "validation": 20,
    "test": 20
  },
  "feature_columns": [
    "opening_up_prob",
    "current_up_prob_30",
    "move_0_30",
    "abs_move_0_30",
    "slope_per_sec_0_30",
    "mean_prob_0_30",
    "distance_from_half_30",
    "er_0_30",
    "hurst_0_30",
    "path_length_0_30",
    "range_width_0_30",
    "crossing_count_0_30",
    "max_run_ratio_0_30",
    "realized_vol_0_30"
  ],
  "models": {
    "logistic_regression": {
      "validation": {
        "accuracy": 0.5,
        "f1": 0.5454545454545454,
        "roc_auc": 0.6263736263736264,
        "confusion_matrix": [
          [
            4,
            9
          ],
          [
            1,
            6
          ]
        ],
        "classification_report": {
          "0": {
            "precision": 0.8,
            "recall": 0.3076923076923077,
            "f1-score": 0.4444444444444444,
            "support": 13.0
          },
          "1": {
            "precision": 0.4,
            "recall": 0.8571428571428571,
            "f1-score": 0.5454545454545454,
            "support": 7.0
          },
          "accuracy": 0.5,
          "macro avg": {
            "precision": 0.6000000000000001,
            "recall": 0.5824175824175823,
            "f1-score": 0.4949494949494949,
            "support": 20.0
          },
          "weighted avg": {
            "precision": 0.66,
            "recall": 0.5,
            "f1-score": 0.4797979797979798,
            "support": 20.0
          }
        }
      },
      "test": {
        "accuracy": 0.45,
        "f1": 0.47619047619047616,
        "roc_auc": 0.4444444444444444,
        "confusion_matrix": [
          [
            4,
            7
          ],
          [
            4,
            5
          ]
        ],
        "classification_report": {
          "0": {
            "precision": 0.5,
            "recall": 0.36363636363636365,
            "f1-score": 0.42105263157894735,
            "support": 11.0
          },
          "1": {
            "precision": 0.4166666666666667,
            "recall": 0.5555555555555556,
            "f1-score": 0.47619047619047616,
            "support": 9.0
          },
          "accuracy": 0.45,
          "macro avg": {
            "precision": 0.45833333333333337,
            "recall": 0.4595959595959596,
            "f1-score": 0.44862155388471175,
            "support": 20.0
          },
          "weighted avg": {
            "precision": 0.4625,
            "recall": 0.45,
            "f1-score": 0.4458646616541353,
            "support": 20.0
          }
        }
      }
    },
    "decision_tree": {
      "validation": {
        "accuracy": 0.3,
        "f1": 0.2222222222222222,
        "roc_auc": 0.2967032967032967,
        "confusion_matrix": [
          [
            4,
            9
          ],
          [
            5,
            2
          ]
        ],
        "classification_report": {
          "0": {
            "precision": 0.4444444444444444,
            "recall": 0.3076923076923077,
            "f1-score": 0.36363636363636365,
            "support": 13.0
          },
          "1": {
            "precision": 0.18181818181818182,
            "recall": 0.2857142857142857,
            "f1-score": 0.2222222222222222,
            "support": 7.0
          },
          "accuracy": 0.3,
          "macro avg": {
            "precision": 0.31313131313131315,
            "recall": 0.2967032967032967,
            "f1-score": 0.29292929292929293,
            "support": 20.0
          },
          "weighted avg": {
            "precision": 0.3525252525252525,
            "recall": 0.3,
            "f1-score": 0.31414141414141417,
            "support": 20.0
          }
        }
      },
      "test": {
        "accuracy": 0.45,
        "f1": 0.35294117647058826,
        "roc_auc": 0.44949494949494945,
        "confusion_matrix": [
          [
            6,
            5
          ],
          [
            6,
            3
          ]
        ],
        "classification_report": {
          "0": {
            "precision": 0.5,
            "recall": 0.5454545454545454,
            "f1-score": 0.5217391304347826,
            "support": 11.0
          },
          "1": {
            "precision": 0.375,
            "recall": 0.3333333333333333,
            "f1-score": 0.35294117647058826,
            "support": 9.0
          },
          "accuracy": 0.45,
          "macro avg": {
            "precision": 0.4375,
            "recall": 0.43939393939393934,
            "f1-score": 0.4373401534526854,
            "support": 20.0
          },
          "weighted avg": {
            "precision": 0.44375,
            "recall": 0.45,
            "f1-score": 0.44578005115089514,
            "support": 20.0
          }
        }
      }
    },
    "random_forest": {
      "validation": {
        "accuracy": 0.35,
        "f1": 0.43478260869565216,
        "roc_auc": 0.3516483516483516,
        "confusion_matrix": [
          [
            2,
            11
          ],
          [
            2,
            5
          ]
        ],
        "classification_report": {
          "0": {
            "precision": 0.5,
            "recall": 0.15384615384615385,
            "f1-score": 0.23529411764705882,
            "support": 13.0
          },
          "1": {
            "precision": 0.3125,
            "recall": 0.7142857142857143,
            "f1-score": 0.43478260869565216,
            "support": 7.0
          },
          "accuracy": 0.35,
          "macro avg": {
            "precision": 0.40625,
            "recall": 0.4340659340659341,
            "f1-score": 0.3350383631713555,
            "support": 20.0
          },
          "weighted avg": {
            "precision": 0.434375,
            "recall": 0.35,
            "f1-score": 0.30511508951406646,
            "support": 20.0
          }
        }
      },
      "test": {
        "accuracy": 0.55,
        "f1": 0.6086956521739131,
        "roc_auc": 0.5353535353535352,
        "confusion_matrix": [
          [
            4,
            7
          ],
          [
            2,
            7
          ]
        ],
        "classification_report": {
          "0": {
            "precision": 0.6666666666666666,
            "recall": 0.36363636363636365,
            "f1-score": 0.47058823529411764,
            "support": 11.0
          },
          "1": {
            "precision": 0.5,
            "recall": 0.7777777777777778,
            "f1-score": 0.6086956521739131,
            "support": 9.0
          },
          "accuracy": 0.55,
          "macro avg": {
            "precision": 0.5833333333333333,
            "recall": 0.5707070707070707,
            "f1-score": 0.5396419437340154,
            "support": 20.0
          },
          "weighted avg": {
            "precision": 0.5916666666666666,
            "recall": 0.55,
            "f1-score": 0.5327365728900256,
            "support": 20.0
          }
        }
      }
    }
  },
  "best_model": {
    "name": "logistic_regression",
    "validation_f1": 0.5454545454545454,
    "top_features": [
      {
        "feature": "path_length_0_30",
        "importance": 1.0043610295516694
      },
      {
        "feature": "range_width_0_30",
        "importance": 0.8495734207610277
      },
      {
        "feature": "er_0_30",
        "importance": 0.44899103671915735
      },
      {
        "feature": "mean_prob_0_30",
        "importance": 0.4017765896261613
      },
      {
        "feature": "hurst_0_30",
        "importance": 0.25332138711441515
      },
      {
        "feature": "crossing_count_0_30",
        "importance": 0.19759014544027936
      },
      {
        "feature": "opening_up_prob",
        "importance": 0.19619793534374524
      },
      {
        "feature": "realized_vol_0_30",
        "importance": 0.17895429914745598
      }
    ]
  }
}